"RFC3_C1v2","RFC3_C2v2","RFC3_C3v2","Wells_2010","GEOID10"
0.411489065254385,0.044383215913975,0.54412771883164,115,"00001"
0.374058345282138,0.3603651421392,0.265576512578662,284,"00002"
0.585610570987726,0.00524344062850659,0.409145988383767,130,"00003"
0.416137876249825,0.164921563504382,0.418940560245793,419,"00004"
0.341058897959031,0.512589220545415,0.146351881495554,480,"00005"
0.127503804454978,0.194726495377744,0.677769700167278,209,"00006"
0.453233483521529,0.24276332413372,0.30400319234475,263,"00007"
0.319435522968065,0.443570834450073,0.236993642581862,338,"00008"
0.350043836046549,0.480815870012853,0.169140293940598,481,"00009"
0.33807391057181,0.324389904258678,0.337536185169512,251,"00010"
0.0692500271908081,0.87281944298105,0.0579305298281422,75,"00011"
0.101458674265171,0.593680975898826,0.304860349836003,294,"00012"
0.410007900480614,0.327278432919189,0.262713666600197,325,"00013"
0.00229664321450804,0.694773656144057,0.302929700641435,138,"00014"
0.289341354173245,0.598752714558043,0.111905931268712,93,"00015"
0.335481076704135,0.39292816355468,0.271590759741185,411,"00016"
0.336709757134087,0.0137224827662126,0.649567760099701,204,"00017"
0.228767598190089,0.419284674601438,0.351947727208473,226,"00018"
0.189280356979785,0.431085420424168,0.379634222596047,403,"00019"
0.353746459695888,0.281601173460864,0.364652366843247,483,"00020"
0.523594076876694,0.0263472918553514,0.450058631267954,410,"00021"
0.253195438331432,0.119892413822616,0.626912147845952,228,"00022"
0.72421722926341,0.0813595875258559,0.194423183210734,196,"00023"
0.359510145789439,0.142600539546796,0.497889314663766,252,"00024"
0.36854746845651,0.458185602754395,0.173266928789094,271,"00025"
0.201026816687958,0.439533612086714,0.359439571225328,100,"00026"
0.55236730194048,0.380708668333725,0.0669240297257952,106,"00027"
0.261036673814993,0.369628166864794,0.369335159320213,443,"00028"
0.131127792042372,0.38027491881747,0.488597289140157,469,"00029"
0.284081739814213,0.303308414591287,0.4126098455945,120,"00030"
0.352983932149793,0.346568499442665,0.300447568407542,432,"00031"
0.00808149739638604,0.934813044792853,0.0571054578107607,87,"00032"
0.117095954527316,0.503446037537376,0.379458007935308,288,"00033"
0.728532477558342,0.22893334339279,0.0425341790488677,474,"00034"
0.641825175302667,0.181768250900468,0.176406573796865,191,"00035"
0.282488031138586,0.170765604770086,0.546746364091328,137,"00036"
0.405794209144201,0.2042565521461,0.389949238709699,341,"00037"
0.945361029872582,0.0457826683740592,0.00885630175335854,143,"00038"
0.338963969879531,0.167012804844971,0.494023225275499,185,"00039"
0.0735884516058221,0.39899790607712,0.527413642317058,199,"00040"
0.40484612056084,0.341707316130004,0.253446563309156,319,"00041"
0.336181402990949,0.18441255596891,0.479406041040141,329,"00042"
0.551204269658627,0.424254406206693,0.0245413241346797,273,"00043"
0.301826444082324,0.329321300275945,0.368852255641731,97,"00044"
0.216750255018019,0.639447600706245,0.143802144275736,409,"00045"
0.252270707867883,0.623176074397726,0.124553217734391,458,"00046"
0.0834207344219594,0.469845549383086,0.446733716194955,285,"00047"
0.038234279496292,0.276508056949067,0.685257663554641,408,"00048"
0.0428847069732791,0.40240849592806,0.554706797098661,265,"00049"
0.391754679276228,0.316179184718362,0.29206613600541,326,"00050"
0.451669438078662,0.275709470307411,0.272621091613927,467,"00051"
0.43773693783957,0.514420833163845,0.047842228996585,127,"00052"
0.179521049816919,0.446873940074056,0.373605010109025,370,"00053"
0.130165019539018,0.39149674048917,0.478338239971812,320,"00054"
0.473185366051048,0.217062599467156,0.309752034481796,324,"00055"
0.358838910415126,0.0636865865738717,0.577474503011003,150,"00056"
0.387829831616277,0.189516930858983,0.42265323752474,294,"00057"
0.0771248492402066,0.48466417520547,0.438210975554324,128,"00058"
0.836256218601876,0.0741391795357255,0.0896046018623989,454,"00059"
0.204197878572658,0.395288651593817,0.400513469833525,214,"00060"
0.566746896499496,0.305858162580101,0.127394940920403,351,"00061"
0.147936146585905,0.560057302852302,0.292006550561793,298,"00062"
0.483435534418808,0.391317138188718,0.125247327392473,133,"00063"
0.474353332770703,0.233179252209224,0.292467415020074,422,"00064"
0.443470085601286,0.12607110804832,0.430458806350393,320,"00065"
0.196556936476235,0.0504403313311263,0.753002732192638,329,"00066"
0.663080870123549,0.251491333471168,0.0854277964052836,370,"00067"
0.095841174098562,0.41523564246403,0.488923183437408,433,"00068"
0.338655359325257,0.55435823692143,0.106986403753314,486,"00069"
0.424167899652034,0.439003688552593,0.136828411795373,387,"00070"
0.341126532618986,0.367052829762687,0.291820637618327,308,"00071"
0.548855350641879,0.0341337379840881,0.417010911374033,370,"00072"
0.222966499373601,0.225634451047522,0.551399049578877,418,"00073"
0.205948792481709,0.263367317646185,0.530683889872106,449,"00074"
0.0297458999944875,0.543782883808891,0.426471216196621,295,"00075"
0.409594136089878,0.435378477448071,0.155027386462051,358,"00076"
0.421003881396244,0.310960829658298,0.268035288945458,326,"00077"
0.365652585233806,0.246568532765607,0.387778882000588,135,"00078"
0.416754326702491,0.390843462164222,0.192402211133287,444,"00079"
0.331708460898429,0.150370895647274,0.517920643454296,250,"00080"
0.326162682450306,0.368452571537095,0.305384746012599,440,"00081"
0.330689292229486,0.491110300847504,0.17820040692301,66,"00082"
0.0169498366515402,0.83408098571182,0.14896917763664,244,"00083"
0.0654830572977039,0.62096323719259,0.313553705509706,68,"00084"
0.108322000184352,0.404269935237601,0.487408064578047,212,"00085"
0.602612878513766,0.225157302099759,0.172229819386476,299,"00086"
0.427585870414829,0.503351223758428,0.0690629058267433,58,"00087"
0.563514555326073,0.0987923494479048,0.337693095226022,489,"00088"
0.361803459487532,0.426623867956718,0.211572672555751,500,"00089"
0.0689302073906837,0.0140128237727368,0.917056968836579,370,"00090"
0.465730905462113,0.492769356365448,0.0414997381724396,300,"00091"
0.465610285413291,0.480856294863066,0.0535334197236436,406,"00092"
0.0846145276771052,0.262383661976288,0.653001810346607,368,"00093"
0.499641675141256,0.478958288840027,0.0214000360187166,462,"00094"
0.498644353536261,0.0077380864445,0.493617560019239,334,"00095"
0.36679632474832,0.455340391193222,0.177863284058458,85,"00096"
0.676846682300485,0.0459629138024732,0.277190403897041,433,"00097"
0.380185015005936,0.200428311335038,0.419386673659026,176,"00098"
0.113330307323179,0.847833509816872,0.0388361828599491,123,"00099"
0.618700532149624,0.000802114268780187,0.380497353581596,135,"00100"
0.355683595198471,0.385005863894812,0.259310540906716,432,"00001"
0.360433919652775,0.470623352727209,0.168942727620016,452,"00002"
0.609687107763829,0.30460364610139,0.0857092461347805,238,"00003"
0.452464239097836,0.315653471768634,0.23188228913353,197,"00004"
0.282281001020506,0.350327188816122,0.367391810163372,469,"00005"
0.527584180294341,0.429130979582298,0.0432848401233615,404,"00006"
0.31546951977128,0.433775827042113,0.250754653186607,323,"00007"
0.384289409189401,0.345443696608953,0.270266894201647,301,"00008"
0.1299473735302,0.475581556732856,0.394471069736945,192,"00009"
0.243101953182615,0.35654050271116,0.400357544106225,125,"00010"
0.272363341128552,0.439254560247688,0.28838209862376,221,"00011"
0.261019226141352,0.394511390360621,0.344469383498026,246,"00012"
0.65246182361858,0.119575201426731,0.227962974954689,262,"00013"
0.488667556232887,0.0893106554278855,0.422021788339228,441,"00014"
0.388177544429555,0.433609013526522,0.178213442043923,189,"00015"
0.332413909609959,0.300706630006663,0.366879460383378,246,"00016"
0.459285750076583,0.350461408474269,0.190252841449147,330,"00017"
0.623495045790169,0.10320345955167,0.273301494658162,496,"00018"
0.0376446470295206,0.929989038866981,0.0323663141034985,467,"00019"
0.388646846985872,0.577336462935683,0.0340166900784453,338,"00020"
0.428850625702277,0.417709712492042,0.153439661805681,309,"00021"
0.48643556416339,0.168129754975711,0.345434680860898,89,"00022"
0.0980135335205483,0.574672332243549,0.327314134235902,321,"00023"
0.356601485493062,0.336664351182442,0.306734163324496,223,"00024"
0.392953017007014,0.146196537062413,0.460850445930573,88,"00025"
0.394386552689239,0.200783247706015,0.404830199604746,303,"00026"
0.374503078232222,0.276914579111484,0.348582342656294,342,"00027"
0.158588710347874,0.164742376574513,0.676668913077613,170,"00028"
0.277362880499594,0.210034569540005,0.512602549960401,333,"00029"
0.373728360026801,0.425255210361316,0.201016429611883,211,"00030"
0.0785369887783322,0.581705018037482,0.339757993184186,258,"00031"
0.349073020069886,0.382564924048464,0.268362055881649,460,"00032"
0.473244886359544,0.282501379128109,0.244253734512347,415,"00033"
0.576157780483748,0.252273300434599,0.171568919081653,178,"00034"
0.546363512113823,0.223845057997806,0.229791429888371,99,"00035"
0.645173775917457,0.273782102231874,0.0810441218506686,381,"00036"
0.761194540143457,0.166390624815344,0.0724148350411992,112,"00037"
0.153341502926562,0.405424323226807,0.441234173846631,110,"00038"
0.0860739834106293,0.810931616893412,0.102994399695959,377,"00039"
0.441312980513767,0.454376194395487,0.104310825090746,246,"00040"
0.22554670855566,0.345214791353492,0.429238500090848,189,"00041"
0.421395990974588,0.0480623023148192,0.530541706710593,212,"00042"
0.325470017011226,0.557780766362501,0.116749216626273,208,"00043"
0.299241406016527,0.249363293403407,0.451395300580066,387,"00044"
0.151323617956931,0.724262628053889,0.12441375398918,259,"00045"
0.431086952244998,0.221021763084939,0.347891284670063,451,"00046"
0.539937546692179,0.061986275627891,0.39807617767993,491,"00047"
0.309884821850887,0.157318114982356,0.532797063166757,104,"00048"
0.391707481863708,0.313166301294508,0.295126216841783,258,"00049"
0.355233061757475,0.465892483530672,0.178874454711853,488,"00050"
0.407136281077791,0.353326465133264,0.239537253788946,434,"00051"
0.304863020916956,0.293038730339518,0.402098248743526,93,"00052"
0.312680808796056,0.350462095781974,0.336857095421971,161,"00053"
0.187056815220974,0.31851078076725,0.494432404011776,135,"00054"
0.202369935246841,0.662636038292541,0.134994026460618,310,"00055"
0.393903878750964,0.223403633242645,0.38269248800639,90,"00056"
0.468425615767396,0.0417737358275692,0.489800648405035,325,"00057"
0.267084593197045,0.336536480709935,0.39637892609302,194,"00058"
0.480985613108158,0.296692964134902,0.22232142275694,484,"00059"
0.529367510554255,0.394399977660054,0.0762325117856914,87,"00060"
0.436475355499856,0.44302071593123,0.120503928568914,123,"00061"
0.335201626841785,0.559860726482646,0.104937646675568,335,"00062"
0.523055968453473,0.0543447045255286,0.422599327020998,494,"00063"
0.684091438201335,0.0520612848503036,0.263847276948362,246,"00064"
0.329565006207434,0.517024433187132,0.153410560605434,133,"00065"
0.362242667070099,0.1306253413318,0.507131991598102,242,"00066"
0.428521746955632,0.163617167141232,0.407861085903136,127,"00067"
0.138206437636328,0.215067303700226,0.646726258663446,476,"00068"
0.464353137785129,0.42730696994728,0.10833989226759,242,"00069"
0.290823295833204,0.637607298618329,0.0715694055484672,167,"00070"
0.508365246903065,0.304162110070878,0.187472643026057,233,"00071"
0.101949155278601,0.530545546309599,0.3675052984118,271,"00072"
0.574437358859658,0.0441433218338125,0.381419319306529,298,"00073"
0.229634011128568,0.199347371628822,0.57101861724261,154,"00074"
0.422541594158193,0.567822985736111,0.0096354201056958,444,"00075"
0.613723925506995,0.35440367304178,0.0318724014512259,449,"00076"
0.289953766589953,0.324712738278542,0.385333495131505,466,"00077"
0.82847849259128,0.0861912305510802,0.0853302768576396,272,"00078"
0.744475595794268,0.00496127833222278,0.250563125873509,84,"00079"
0.340708181054854,0.356000364265109,0.303291454680038,441,"00080"
0.214568629414238,0.383075734311138,0.402355636274624,321,"00081"
0.287491759819472,0.553372351163801,0.159135889016727,370,"00082"
0.419299424096329,0.202148105818507,0.378552470085164,161,"00083"
0.133044399352649,0.508098018233188,0.358857582414163,278,"00084"
0.452139161208238,0.36733083660942,0.180530002182342,410,"00085"
0.320646935427975,0.333051189137021,0.346301875435004,461,"00086"
0.169266830867695,0.371119678761944,0.459613490370362,318,"00087"
0.552556997365865,0.195411195288015,0.25203180734612,132,"00088"
0.0929701927376558,0.483064981622498,0.423964825639846,414,"00089"
0.121192971986294,0.535557032752896,0.343249995260809,399,"00090"
0.290705369812284,0.367667883873922,0.341626746313795,310,"00091"
0.397072419366316,0.385090269407436,0.217837311226248,486,"00092"
0.254082732230038,0.339987203686197,0.405930064083766,143,"00093"
0.211280485976648,0.602452659833679,0.186266854189673,309,"00094"
0.619620079103713,0.265306594647737,0.115073326248551,275,"00095"
0.00577862039132776,0.657593123759128,0.336628255849544,307,"00096"
0.188731888990016,0.58595955534922,0.225308555660765,307,"00097"
0.505033747078217,0.123676014171631,0.371290238750152,200,"00098"
0.217023278261249,0.293324792200791,0.48965192953796,196,"00099"
0.418017601124525,0.228857106157214,0.353125292718261,399,"00100"
0.388771302376559,0.0335895881487414,0.5776391094747,382,"00001"
0.391626388648651,0.352420225646541,0.255953385704808,288,"00002"
0.0895104995092613,0.422101918892472,0.488387581598267,131,"00003"
0.390309478677067,0.445189241473701,0.164501279849232,255,"00004"
0.338061528900241,0.16353218023994,0.498406290859819,303,"00005"
0.370794846611147,0.464225905742235,0.164979247646618,327,"00006"
0.157009408793021,0.430333669997245,0.412656921209734,114,"00007"
0.132049236804596,0.432533272648144,0.43541749054726,131,"00008"
0.285346544439861,0.229424768564904,0.485228686995235,127,"00009"
0.309189586567448,0.350057773001959,0.340752640430593,129,"00010"
0.227512755531533,0.0715938768918252,0.700893367576641,256,"00011"
0.408672345131884,0.159200153401385,0.432127501466731,422,"00012"
0.239320677739323,0.336207363965351,0.424471958295326,435,"00013"
0.143101610679054,0.335540082946199,0.521358306374747,145,"00014"
0.421168762538109,0.156846328733242,0.421984908728649,125,"00015"
0.195805688066798,0.439313065349702,0.364881246583501,294,"00016"
0.273432711454234,0.69244126595972,0.0341260225860457,288,"00017"
0.248777189290141,0.323979950800555,0.427242859909304,500,"00018"
0.520103209084928,0.42264478863733,0.057252002277742,272,"00019"
0.182075069832038,0.174540127055029,0.643384803112933,270,"00020"
0.151396147158264,0.447847792768481,0.400756060073254,105,"00021"
0.293527579291848,0.420349557923447,0.286122862784705,402,"00022"
0.120382943193182,0.766510774673731,0.113106282133087,303,"00023"
0.340764844499277,0.453528611959428,0.205706543541295,384,"00024"
0.620447104723739,0.0562699750426145,0.323282920233646,349,"00025"
0.412635864768078,0.347556039787514,0.239808095444409,299,"00026"
0.433944563438381,0.393673643786049,0.172381792775571,100,"00027"
0.31017169225925,0.177908861126747,0.511919446614003,324,"00028"
0.428054956987797,0.481654088298295,0.0902909547139077,244,"00029"
0.498548957025962,0.0420472256990916,0.459403817274946,364,"00030"
0.159029198138324,0.409036336044852,0.431934465816824,114,"00031"
0.287026082119749,0.345982521314608,0.366991396565643,415,"00032"
0.370857787404853,0.368277191763639,0.260865020831508,255,"00033"
0.367707007123901,0.442548508477062,0.189744484399037,291,"00034"
0.358210348487255,0.260926159076343,0.380863492436402,154,"00035"
0.301413743420127,0.347058531833437,0.351527724746437,234,"00036"
0.417636702354398,0.277996528264361,0.304366769381241,464,"00037"
0.493159349311601,0.129714770873177,0.377125879815223,236,"00038"
0.469953037557383,0.186115747159413,0.343931215283204,401,"00039"
0.306567782403608,0.311048876736124,0.382383340860268,407,"00040"
0.487733056293584,0.481262144755905,0.0310047989505101,336,"00041"
0.707981900271628,0.0410953984123749,0.250922701315997,145,"00042"
0.509468103294018,0.326646998959454,0.163884897746528,91,"00043"
0.500396185260588,0.447716964405562,0.051886850333849,132,"00044"
0.370620758681672,0.282625357281425,0.346753884036903,319,"00045"
0.301903914563385,0.363119971932459,0.334976113504157,325,"00046"
0.46444862912002,0.129421759961947,0.406129610918032,202,"00047"
0.391339386981393,0.0526843729804668,0.55597624003814,129,"00048"
0.165090038330924,0.374284040576026,0.460625921093051,151,"00049"
0.357448018141794,0.391674281801961,0.250877700056245,223,"00050"
0.0824415755374407,0.317211014903177,0.600347409559382,55,"00051"
0.473701802429612,0.481820351864601,0.0444778457057868,257,"00052"
0.0238620021309083,0.405884550221863,0.570253447647228,300,"00053"
0.285160627116648,0.519547641939848,0.195291730943504,73,"00054"
0.410431609042338,0.24063393501591,0.348934455941751,224,"00055"
0.438980242168673,0.158038576944152,0.402981180887175,405,"00056"
0.0122914450307698,0.44552190673146,0.54218664823777,66,"00057"
0.283158228989375,0.356822621907624,0.360019149103001,214,"00058"
0.0617163020415424,0.437411024625383,0.500872673333075,149,"00059"
0.210093540458293,0.379089861292892,0.410816598248815,99,"00060"
0.539683374994725,0.0844072145594357,0.375909410445839,334,"00061"
0.558054276541351,0.372323135179559,0.0696225882790902,274,"00062"
0.466904217892888,0.238998921913906,0.294096860193207,483,"00063"
0.456563233047171,0.285339296935054,0.258097470017775,429,"00064"
0.418897049821201,0.57572407723756,0.00537887294123845,328,"00065"
0.077882903594773,0.578865096518362,0.343251999886865,239,"00066"
0.0673357656879217,0.529205365738045,0.403458868574034,159,"00067"
0.426036533771863,0.0768630083180741,0.497100457910063,452,"00068"
0.547555937894499,0.19665153751971,0.255792524585791,463,"00069"
0.374911501981765,0.15884026900731,0.466248229010925,299,"00070"
0.138852482791341,0.254339822982918,0.606807694225741,321,"00071"
0.265633343272536,0.640802322739113,0.0935643339883514,152,"00072"
0.169382029314647,0.749312754753166,0.0813052159321872,294,"00073"
0.571150222548202,0.260646338185584,0.168203439266214,346,"00074"
0.344207410920923,0.274646981548864,0.381145607530213,473,"00075"
0.21689519022779,0.351826018305056,0.431278791467154,374,"00076"
0.523710618063427,0.426566019870698,0.0497233620658748,334,"00077"
0.0171093459402809,0.407298539482315,0.575592114577404,458,"00078"
0.64750823474331,0.203261184489153,0.149230580767537,444,"00079"
0.701618155100948,0.261883143726786,0.0364987011722662,383,"00080"
0.116603753757563,0.870625452954763,0.0127707932876736,233,"00081"
0.321036763074167,0.296466309377406,0.382496927548427,94,"00082"
0.0664088812323694,0.566736007973991,0.36685511079364,76,"00083"
0.0703082901142523,0.731100423874598,0.19859128601115,470,"00084"
0.233653152036617,0.728697266019407,0.0376495819439766,474,"00085"
0.317285076140951,0.391391686050177,0.291323237808871,88,"00086"
0.0483818554452772,0.260872383552368,0.690745761002355,334,"00087"
0.363973844094672,0.438386175865664,0.197639980039664,256,"00088"
0.360672415491619,0.110361178252396,0.528966406255985,204,"00089"
0.822300955754863,0.0486915825315936,0.129007461713544,321,"00090"
0.276434195423711,0.356248935568283,0.367316869008006,60,"00091"
0.350714512782951,0.311481452704213,0.337804034512836,129,"00092"
0.0611255670677158,0.439837821238938,0.499036611693346,130,"00093"
0.577290929239777,0.324007257381008,0.0987018133792155,343,"00094"
0.372985283711985,0.382606583465621,0.244408132822394,489,"00095"
0.156372469973995,0.365160717611283,0.478466812414721,134,"00096"
0.319447560390228,0.318736960367025,0.361815479242747,299,"00097"
0.197210125622172,0.301228352427584,0.501561521950245,158,"00098"
0.28090527395754,0.282189446345617,0.436905279696843,51,"00099"
0.0577797918672557,0.717375424129582,0.224844784003163,359,"00100"
0.0742188160778576,0.290875539541577,0.634905644380566,333,"00001"
0.601220313768778,0.334107018832635,0.0646726673985868,78,"00002"
0.649891585010353,0.0991654506215259,0.250942964368121,483,"00003"
0.426531085252807,0.264720896534576,0.308748018212616,128,"00004"
0.338922187062821,0.580951800341637,0.0801260125955426,194,"00005"
0.420023641119998,0.325114429543551,0.254861929336451,393,"00006"
0.189511979510218,0.469522412190701,0.34096560829908,467,"00007"
0.387785303311302,0.394678200604898,0.2175364960838,250,"00008"
0.27839143029801,0.37448665483286,0.34712191486913,500,"00009"
0.617089385879578,0.261767756934119,0.121142857186303,65,"00010"
0.352246995618783,0.0307924725505752,0.616960531830641,411,"00011"
0.31076121754576,0.581926308824702,0.107312473629538,455,"00012"
0.503069445998372,0.0663866048220344,0.430543949179594,364,"00013"
0.121660126814526,0.443678902942038,0.434660970243437,346,"00014"
0.204789377600872,0.504463702120652,0.290746920278476,466,"00015"
0.483728220044336,0.248692953910831,0.267578826044833,265,"00016"
0.443870479307664,0.0732732691535753,0.48285625153876,339,"00017"
0.391039801448179,0.477323409637121,0.1316367889147,227,"00018"
0.167888639454043,0.632221373413876,0.19988998713208,89,"00019"
0.341063443936778,0.374730393083381,0.284206162979841,385,"00020"
0.248184106529169,0.0678648436406459,0.683951049830185,307,"00021"
0.516607714421362,0.445247450614144,0.0381448349644937,333,"00022"
0.353316225552343,0.403334220555763,0.243349553891893,285,"00023"
0.363286155142495,0.0797401695620386,0.556973675295467,332,"00024"
0.486688188199988,0.129798438664816,0.383513373135196,325,"00025"
0.71978363718923,0.0814855733651859,0.198730789445584,421,"00026"
0.155829824323419,0.47973688172434,0.364433293952241,351,"00027"
0.0197706489151848,0.714805407510484,0.265423943574331,145,"00028"
0.256000612478376,0.118107181992769,0.625892205528855,237,"00029"
0.224232877078242,0.142832843598086,0.632934279323672,193,"00030"
0.241228659221427,0.271926211006948,0.486845129771625,60,"00031"
0.36255576911141,0.214015903975204,0.423428326913386,425,"00032"
0.417993945100389,0.0976858758622872,0.484320179037324,287,"00033"
0.349112707170148,0.200039461334795,0.450847831495057,409,"00034"
0.0762499459574084,0.441547689322174,0.482202364720418,465,"00035"
0.0902252632502436,0.245160551327974,0.664614185421782,275,"00036"
0.382614495253493,0.242123893580112,0.375261611166396,70,"00037"
0.292770104501869,0.326461130552284,0.380768764945848,482,"00038"
0.280276548829138,0.214948132203816,0.504775318967046,235,"00039"
0.478568643613387,0.261676772484631,0.259754583901983,212,"00040"
0.344001864729281,0.208073435820082,0.447924699450637,199,"00041"
0.358164467510122,0.25709187707833,0.384743655411548,83,"00042"
0.710664870385147,0.0596832972302733,0.229651832384579,261,"00043"
0.344882079912901,0.401255780316836,0.253862139770263,377,"00044"
0.244651536087569,0.395870460981168,0.359478002931263,422,"00045"
0.244474526228333,0.367084230192048,0.388441243579619,259,"00046"
0.516484086217491,0.474347324136552,0.00916858964595701,333,"00047"
0.868063861041191,0.0270751092068923,0.104861029751917,71,"00048"
0.0776668833459228,0.624335455881204,0.297997660772873,399,"00049"
0.627916500311851,0.158779548821833,0.213303950866317,271,"00050"
0.588069455391217,0.0303838003260849,0.381546744282698,303,"00051"
0.311256839366429,0.445764681523587,0.242978479109985,435,"00052"
0.389743284931944,0.357914464887474,0.252342250180581,456,"00053"
0.287460954775287,0.309485823152627,0.403053222072086,163,"00054"
0.354499497373802,0.363234145040446,0.282266357585752,302,"00055"
0.527555608295696,0.176278035483888,0.296166356220416,217,"00056"
0.276193051583996,0.266877127594351,0.456929820821653,103,"00057"
0.375415039389175,0.616077532345626,0.00850742826519806,365,"00058"
0.0241363166591948,0.356028471691861,0.619835211648945,291,"00059"
0.321438516946275,0.359479326595921,0.319082156457804,450,"00060"
0.36703040673554,0.506034228438754,0.126935364825706,59,"00061"
0.0866933172267499,0.49518844545834,0.41811823731491,114,"00062"
0.255478282249646,0.463709127153866,0.280812590596488,82,"00063"
0.228970559522796,0.204332270807257,0.566697169669947,370,"00064"
0.166190433008303,0.477800759490605,0.356008807501092,306,"00065"
0.445811987777218,0.504038649193149,0.0501493630296325,147,"00066"
0.613139449597807,0.0972137108322935,0.289646839569899,112,"00067"
0.135086500795445,0.376192507067063,0.488720992137492,391,"00068"
0.506471153459949,0.086311989009092,0.40721685753096,192,"00069"
0.31637402331764,0.494882876920807,0.188743099761553,104,"00070"
0.267537316113937,0.455758795472532,0.27670388841353,287,"00071"
0.295442419823943,0.334287436023656,0.370270144152402,328,"00072"
0.960240955186536,0.00282998049228569,0.0369290643211788,245,"00073"
0.406148473443694,0.543775928697412,0.050075597858894,258,"00074"
0.304482776763457,0.298694588501364,0.396822634735179,116,"00075"
0.210494498382902,0.425244544089615,0.364260957527482,126,"00076"
0.250016807959442,0.238101279881313,0.511881912159245,301,"00077"
0.559752038609479,0.371126613896559,0.0691213474939626,250,"00078"
0.381876048183272,0.522662682657792,0.0954612691589356,128,"00079"
0.271277069873612,0.260204265940253,0.468518664186135,480,"00080"
0.397058417028723,0.533144732019297,0.0697968509519802,455,"00081"
0.65767559844174,0.049174035711043,0.293150365847217,141,"00082"
0.335159043797993,0.0336216651794044,0.631219291022603,305,"00083"
0.36399803901103,0.325885303205019,0.310116657783951,464,"00084"
0.418706193040929,0.214216389943507,0.367077417015564,410,"00085"
0.611848612216942,0.235543345510659,0.152608042272399,157,"00086"
0.518915665592129,0.0715291674939026,0.409555166913968,393,"00087"
0.247909382496154,0.412778835759025,0.339311781744821,393,"00088"
0.377687053927332,0.386746539214201,0.235566406858466,123,"00089"
0.0372927028074827,0.518992392564684,0.443714904627833,105,"00090"
0.585052160033707,0.0120785220875903,0.402869317878703,60,"00091"
0.789012016577482,0.159238318217241,0.0517496652052767,287,"00092"
0.666557236979988,0.234108743819313,0.0993340192006987,111,"00093"
0.149446510171473,0.670039134042988,0.180514355785539,267,"00094"
0.188128073859683,0.339682885013803,0.472189041126514,166,"00095"
0.273144524365872,0.43817386587097,0.288681609763157,384,"00096"
0.176531494140023,0.465856089031065,0.357612416828912,305,"00097"
0.256925183759091,0.114067723016079,0.629007093224829,212,"00098"
0.331244926369763,0.467195375142104,0.201559698488133,292,"00099"
0.198264215238718,0.0275436294959327,0.77419215526535,462,"00100"
0.0517253707488092,0.67800281144373,0.270271817807461,456,"00001"
0.215946059649959,0.350561380642194,0.433492559707846,260,"00002"
0.127905128722593,0.472946076878412,0.399148794398995,483,"00003"
0.172678227477864,0.63915857084155,0.188163201680586,299,"00004"
0.375749701515415,0.300576557195224,0.32367374128936,101,"00005"
0.115800517012217,0.599411606106896,0.284787876880887,294,"00006"
0.402966063388422,0.316126245001615,0.280907691609963,178,"00007"
0.157671995270715,0.565164779493477,0.277163225235808,236,"00008"
0.451118829305673,0.0544610689199678,0.494420101774359,155,"00009"
0.0924870068241895,0.406918357640959,0.500594635534852,126,"00010"
0.297117490027052,0.266443742075991,0.436438767896958,200,"00011"
0.428985857340227,0.323949500483797,0.247064642175976,333,"00012"
0.0272006561949581,0.548506383414768,0.424292960390274,89,"00013"
0.0151774410348916,0.581309065568494,0.403513493396614,423,"00014"
0.510327658392281,0.247450292409441,0.242222049198278,242,"00015"
0.408297011540284,0.251156164581308,0.340546823878408,281,"00016"
0.252689671283559,0.318894343480314,0.428415985236127,419,"00017"
0.223722377212043,0.259644914119428,0.516632708668529,473,"00018"
0.43561136504205,0.389990805867158,0.174397829090793,364,"00019"
0.143347731765047,0.54422057354494,0.312431694690013,151,"00020"
0.422098039433799,0.250358914838862,0.32754304572734,103,"00021"
0.341355325987495,0.252187596640001,0.406457077372504,136,"00022"
0.169371489152016,0.257845728996624,0.572782781851359,52,"00023"
0.267177713199257,0.0576543516379082,0.675167935162835,357,"00024"
0.267742392317685,0.208569220806005,0.52368838687631,483,"00025"
0.826378069847781,0.13537577072359,0.0382461594286293,146,"00026"
0.636351117444729,0.302514893088688,0.061133989466583,367,"00027"
0.535188277454801,0.125986638937424,0.338825083607775,161,"00028"
0.270111814454806,0.667803488841545,0.0620846967036486,408,"00029"
0.37001636492835,0.1962363809143,0.43374725415735,171,"00030"
0.361896606348525,0.487776873731988,0.150326519919486,186,"00031"
0.0393377046439158,0.559430488214598,0.401231807141487,472,"00032"
0.720811674562099,0.118328892865489,0.160859432572411,492,"00033"
0.227396553907093,0.137358675778795,0.635244770314112,338,"00034"
0.0371655042974886,0.833591372504172,0.129243123198339,180,"00035"
0.321442083134591,0.127517258537735,0.551040658327673,186,"00036"
0.0121262917654367,0.656926532140855,0.330947176093708,285,"00037"
0.391553189622751,0.423923179736285,0.184523630640964,249,"00038"
0.335612403587231,0.311162083441595,0.353225512971174,140,"00039"
0.0592866995143053,0.479065514303972,0.461647786181722,50,"00040"
0.647724970344904,0.309170912872351,0.0431041167827453,243,"00041"
0.921736890451889,0.0507734195204607,0.0274896900276502,258,"00042"
0.00655179057508976,0.496697211560248,0.496750997864662,461,"00043"
0.458417914583218,0.485712823639674,0.0558692617771084,482,"00044"
0.259237563282105,0.238614037004384,0.502148399713511,315,"00045"
0.490665149327616,0.50880134872586,0.0005335019465241,342,"00046"
0.382001183599921,0.177989956487078,0.440008859913001,305,"00047"
0.00399831329938583,0.277445515116245,0.718556171584369,77,"00048"
0.47082322715479,0.129004175775723,0.400172597069487,484,"00049"
0.410813731659184,0.376022906686371,0.213163361654444,85,"00050"
0.420559403711029,0.029173635064482,0.550266961224489,159,"00051"
0.204743345856335,0.500199169786038,0.295057484357627,337,"00052"
0.343524513813958,0.0130106923699904,0.643464793816051,330,"00053"
0.442133805514759,0.403934010202086,0.153932184283154,417,"00054"
0.263835903969823,0.513542847930153,0.222621248100024,64,"00055"
0.425128336155163,0.463740208496791,0.111131455348046,247,"00056"
0.507132903769784,0.327846625744958,0.165020470485258,240,"00057"
0.22938653472109,0.726629735051754,0.0439837302271563,460,"00058"
0.332807224882221,0.189171765810381,0.478021009307397,325,"00059"
0.104160409104938,0.179625975438142,0.71621361545692,473,"00060"
0.452037614851116,0.420098309318447,0.127864075830437,132,"00061"
0.41114398758232,0.427983242617199,0.160872769800481,372,"00062"
0.133791959433619,0.270077964991147,0.596130075575234,259,"00063"
0.416820517493453,0.400112457605028,0.183067024901519,337,"00064"
0.348622255320818,0.3295401895759,0.321837555103282,260,"00065"
0.274684082691901,0.327777131972629,0.39753878533547,485,"00066"
0.42248671030631,0.546420239338313,0.0310930503553772,433,"00067"
0.32444960193767,0.512707563537064,0.162842834525266,283,"00068"
0.419718766568777,0.335639329040978,0.244641904390244,191,"00069"
0.152178807399708,0.43089424591153,0.416926946688762,401,"00070"
0.180741577834584,0.35933526778907,0.459923154376346,72,"00071"
0.229820548567147,0.481722734451398,0.288456716981454,230,"00072"
0.640860922181761,0.0237423260041376,0.335396751814101,237,"00073"
0.463372926053982,0.527928061316993,0.00869901262902521,187,"00074"
0.281362612151936,0.515158378830338,0.203479009017726,368,"00075"
0.210398790092546,0.441248744505229,0.348352465402225,346,"00076"
0.507553446005845,0.220118647378759,0.272327906615396,446,"00077"
0.489003433048306,0.262074421909919,0.248922145041775,236,"00078"
0.423461354647926,0.521978844769284,0.0545598005827898,400,"00079"
0.1662175006083,0.429504588736801,0.404277910654899,214,"00080"
0.23682725736092,0.1647831278315,0.59838961480758,465,"00081"
0.194844534794403,0.167757635964813,0.637397829240785,343,"00082"
0.30585894175013,0.225689138030704,0.468451920219166,319,"00083"
0.586026963797384,0.301814210926548,0.112158825276068,138,"00084"
0.344892176081283,0.269353393398507,0.38575443052021,397,"00085"
0.319225861737592,0.216601172033762,0.464172966228646,79,"00086"
0.12695408123335,0.298454110578952,0.574591808187698,456,"00087"
0.370689411784037,0.378477776480589,0.250832811735375,67,"00088"
0.443589549471506,0.248369171924618,0.308041278603876,449,"00089"
0.448925663738198,0.338773642627465,0.212300693634337,229,"00090"
0.302244963353164,0.356085494449843,0.341669542196993,98,"00091"
0.328258286995003,0.383605473206749,0.288136239798248,333,"00092"
0.454279226398932,0.455197384602764,0.0905233889983044,320,"00093"
0.496206221070603,0.442406607957659,0.0613871709717377,94,"00094"
0.252667852536156,0.52603921556125,0.221292931902594,231,"00095"
0.303433901958831,0.0534611290988063,0.643104968942362,406,"00096"
0.63404837797389,0.310732882115255,0.0552187399108553,355,"00097"
0.586793523637674,0.369896256082966,0.0433102202793602,338,"00098"
0.515180785452028,0.185450315254427,0.299368899293545,464,"00099"
0.593231559596419,0.225066552203305,0.181701888200276,152,"00100"
0.123082203993539,0.398537639260403,0.478380156746058,110,"00001"
0.358370067101911,0.398121549002897,0.243508383895192,459,"00002"
0.39308006587953,0.251611394917491,0.355308539202979,492,"00003"
0.735706512401467,0.17988961269207,0.0844038749064626,471,"00004"
0.288781377665183,0.32068546700552,0.390533155329296,477,"00005"
0.437032454674959,0.22540022218929,0.337567323135752,151,"00006"
0.0879633429339816,0.263595659467633,0.648440997598386,94,"00007"
0.391508189544589,0.299895928354407,0.308595882101004,161,"00008"
0.225093430621748,0.482451325571451,0.292455243806801,56,"00009"
0.287436547856421,0.381070534010947,0.331492918132633,219,"00010"
0.390405778923696,0.128304292722283,0.481289928354021,281,"00011"
0.181731911758122,0.484207410110318,0.33406067813156,209,"00012"
0.42517013718182,0.126370120453725,0.448459742364455,440,"00013"
0.486846298465352,0.187471461172809,0.325682240361839,164,"00014"
0.325539486145944,0.46695182014856,0.207508693705496,144,"00015"
0.442768380731634,0.240573490589879,0.316658128678486,477,"00016"
0.141842779551233,0.641272348137115,0.216884872311652,377,"00017"
0.217158602444303,0.184333199805111,0.598508197750586,360,"00018"
0.105568259308103,0.150903516989546,0.743528223702351,237,"00019"
0.400280993481782,0.24104845344372,0.358670553074497,289,"00020"
0.50909991813961,0.101173105061247,0.389726976799142,366,"00021"
0.192067233841215,0.498892636288144,0.309040129870642,283,"00022"
0.524468317655799,0.0546355685309533,0.420896113813248,156,"00023"
0.436966135420279,0.45838802187708,0.104645842702642,484,"00024"
0.383337492631038,0.403548370713713,0.213114136655249,209,"00025"
0.23134216401327,0.574095809892106,0.194562026094624,175,"00026"
0.244965860549469,0.630459701238872,0.124574438211659,497,"00027"
0.476329466097426,0.090953430139721,0.432717103762853,239,"00028"
0.622437738183923,0.29182066332677,0.085741598489307,258,"00029"
0.421058766623879,0.190258853412604,0.388682379963516,108,"00030"
0.278255770334754,0.515084291097757,0.206659938567488,422,"00031"
0.191336305677834,0.275307936763205,0.533355757558961,430,"00032"
0.239450277102537,0.386459517889423,0.374090205008039,133,"00033"
0.413385969536239,0.0486421626083994,0.537971867855362,489,"00034"
0.314992748731375,0.335657235989603,0.349350015279023,343,"00035"
0.439697308989243,0.0812927817880694,0.479009909222688,97,"00036"
0.0699918066871935,0.584605945202386,0.34540224811042,159,"00037"
0.744601716643701,0.240898909301528,0.014499374054771,498,"00038"
0.14451992587262,0.499447547447351,0.356032526680028,456,"00039"
0.254809441172778,0.340718624878294,0.404471933948928,499,"00040"
0.211463120885108,0.780104237414741,0.0084326417001505,375,"00041"
0.142714471711898,0.430120041297572,0.42716548699053,232,"00042"
0.277460002302972,0.466871208826711,0.255668788870317,136,"00043"
0.435420490982144,0.389348664057795,0.175230844960061,490,"00044"
0.497960840078946,0.225651813072355,0.2763873468487,294,"00045"
0.407188300837232,0.0445956462309666,0.548216052931802,439,"00046"
0.015260961976646,0.208894783952273,0.775844254071081,217,"00047"
0.364896182098619,0.147275993469379,0.487827824432002,119,"00048"
0.389024621575531,0.443635390156467,0.167339988268002,481,"00049"
0.419955233331629,0.262759324559497,0.317285442108874,72,"00050"
0.511626358648409,0.466908900310055,0.0214647410415357,427,"00051"
0.873167523890424,0.0205715340968296,0.106260942012747,106,"00052"
0.344440749616265,0.560159982933609,0.0953992674501267,320,"00053"
0.359798178888254,0.396671733782674,0.243530087329071,164,"00054"
0.19194375983458,0.42046502211645,0.38759121804897,342,"00055"
0.249283556711964,0.624662915425917,0.126053527862119,407,"00056"
0.344400169606238,0.584641332322932,0.0709584980708307,57,"00057"
0.143511738026044,0.417889054420167,0.438599207553789,54,"00058"
0.297972484835989,0.329488356264994,0.372539158899017,293,"00059"
0.300873578380158,0.354555345730885,0.344571075888957,359,"00060"
0.0527693122497017,0.476323588376693,0.470907099373605,424,"00061"
0.102792981254661,0.659647295511224,0.237559723234115,399,"00062"
0.423924603892341,0.118040906405866,0.458034489701794,264,"00063"
0.362714180478034,0.371993406632994,0.265292412888973,343,"00064"
0.113803973144558,0.382756591851438,0.503439435004003,101,"00065"
0.184622210961487,0.159843964710766,0.655533824327747,165,"00066"
0.361284563257559,0.260352956030126,0.378362480712315,327,"00067"
0.31379906172683,0.581977478045407,0.104223460227763,368,"00068"
0.425113108562327,0.301609999524498,0.273276891913175,465,"00069"
0.26922962848797,0.30989361353127,0.42087675798076,91,"00070"
0.298636288976639,0.393380499346738,0.307983211676623,252,"00071"
0.378411361705043,0.413003494317093,0.208585143977864,287,"00072"
0.543249849182606,0.355885157229897,0.100864993587496,400,"00073"
0.127839727816417,0.502509988793703,0.36965028338988,373,"00074"
0.177127923980572,0.585377463865364,0.237494612154063,202,"00075"
0.701744327798217,0.0481110011892448,0.250144671012538,203,"00076"
0.342320361405939,0.328555906000328,0.329123732593733,438,"00077"
0.180404905678339,0.21864471369503,0.600950380626631,284,"00078"
0.463166878588393,0.515505461196208,0.0213276602153985,468,"00079"
0.276846244701315,0.328858887985797,0.394294867312888,259,"00080"
0.270457993723626,0.595103095169571,0.134438911106804,399,"00081"
0.440538565216561,0.39853057457859,0.160930860204849,438,"00082"
0.116578858826487,0.417080929722556,0.466340211450957,387,"00083"
0.188380036669061,0.461625973173965,0.349993990156974,343,"00084"
0.214417323797259,0.408130661533769,0.377452014668972,493,"00085"
0.343267050281326,0.448871183219819,0.207861766498856,301,"00086"
0.419690302242884,0.169827376743063,0.410482321014053,64,"00087"
0.405477462356272,0.51667294130313,0.0778495963405976,299,"00088"
0.143246726803466,0.583621782505246,0.273131490691288,112,"00089"
0.0319168159149698,0.41412597569674,0.55395720838829,306,"00090"
0.273991555987807,0.284376968821394,0.441631475190799,420,"00091"
0.093580849877036,0.758921728579872,0.147497421543092,367,"00092"
0.0519909479198027,0.344739637903816,0.603269414176382,119,"00093"
0.491891318662034,0.273595586430837,0.234513094907128,453,"00094"
0.305356985710188,0.673865900489812,0.0207771137999996,282,"00095"
0.284666389879341,0.381900035839561,0.333433574281098,167,"00096"
0.127829046662268,0.399069021406238,0.473101931931494,466,"00097"
0.654467727993769,0.0411738003814925,0.304358471624738,376,"00098"
0.400727909987931,0.580246442893172,0.0190256471188974,291,"00099"
0.369905456260185,0.3516761015883,0.278418442151515,144,"00100"
0.732554276177493,0.216670293092221,0.0507754307302864,206,"00001"
0.0224216954836214,0.640034051127127,0.337544253389252,365,"00002"
0.388631169946613,0.309710988230882,0.301657841822506,336,"00003"
0.440014722137146,0.182719612741678,0.377265665121176,102,"00004"
0.272137229329898,0.559756528480321,0.168106242189781,374,"00005"
0.676833132926167,0.118986510782827,0.204180356291006,230,"00006"
0.470934552053038,0.397958757603473,0.131106690343489,298,"00007"
0.371252028450854,0.374886135264221,0.253861836284926,490,"00008"
0.295563698844159,0.448183285893025,0.256253015262816,375,"00009"
0.239344950538449,0.430005130120124,0.330649919341427,364,"00010"
0.227218065685428,0.378878617424387,0.393903316890185,382,"00011"
0.140353626343107,0.612998504167026,0.246647869489868,88,"00012"
0.403539871142028,0.399369182645085,0.197090946212887,298,"00013"
0.178977411255106,0.371873176431429,0.449149412313465,70,"00014"
0.916478739660024,0.0756631899339289,0.0078580704060469,240,"00015"
0.0503515554130307,0.490613879762344,0.459034564824625,172,"00016"
0.169383712364218,0.39714282925656,0.433473458379222,157,"00017"
0.697345006112958,0.0108904721718905,0.291764521715152,188,"00018"
0.379651589496313,0.287958478950512,0.332389931553176,131,"00019"
0.17681031984398,0.793756284257111,0.0294333958989093,492,"00020"
0.195550782625911,0.250278808897192,0.554170408476897,240,"00021"
0.44472163574689,0.48291467179887,0.0723636924542401,476,"00022"
0.435131077689437,0.561118522550635,0.00375039975992833,465,"00023"
0.216645418342108,0.305431292347336,0.477923289310556,107,"00024"
0.423092737243953,0.171760210905534,0.405147051850512,124,"00025"
0.622559839854436,0.207570652455777,0.169869507689787,130,"00026"
0.480793515844667,0.415662989156251,0.103543494999082,148,"00027"
0.356254637499032,0.0522208700103304,0.591524492490638,440,"00028"
0.448598570755343,0.115947226674051,0.435454202570606,339,"00029"
0.373937821790356,0.417498419172454,0.20856375903719,60,"00030"
0.194759522694195,0.389782099824877,0.415458377480927,124,"00031"
0.32979401276014,0.495379266057573,0.174826721182287,346,"00032"
0.185880057650913,0.349407799236796,0.464712143112291,412,"00033"
0.0626136111753683,0.284340839133364,0.653045549691267,250,"00034"
0.0611441189042951,0.538673521635481,0.400182359460224,431,"00035"
0.27771789908548,0.100219297471726,0.622062803442793,58,"00036"
0.36055839565438,0.29527157092947,0.344170033416151,249,"00037"
0.0674806450500968,0.487888497216617,0.444630857733286,136,"00038"
0.259105769824752,0.652572374468347,0.0883218557069007,135,"00039"
0.161351171181581,0.47028447402774,0.368364354790679,450,"00040"
0.373406371093137,0.476124944309685,0.150468684597178,186,"00041"
0.24890078988363,0.384846630446405,0.366252579669965,253,"00042"
0.48001828567005,0.167240252279112,0.352741462050838,257,"00043"
0.217277394439423,0.604363036208406,0.178359569352171,409,"00044"
0.490320986451219,0.1157788208779,0.39390019267088,344,"00045"
0.51299363711862,0.0300699933496053,0.456936369531775,487,"00046"
0.292289475740736,0.424341904368014,0.28336861989125,86,"00047"
0.5113944070188,0.327275057648968,0.161330535332232,130,"00048"
0.0117183680578341,0.395952324069388,0.592329307872778,445,"00049"
0.743890713534024,0.180493726722225,0.0756155597437502,171,"00050"
0.378748650434659,0.340927542587492,0.280323806977849,432,"00051"
0.231463529630055,0.354441313489631,0.414095156880314,123,"00052"
0.653375968487245,0.232033762692581,0.114590268820173,184,"00053"
0.429625017853731,0.130340204805511,0.440034777340758,450,"00054"
0.603271079941565,0.306222525764239,0.0905063942941959,211,"00055"
0.378193241633161,0.332263693525443,0.289543064841396,351,"00056"
0.276503986863131,0.279501026075543,0.443994987061326,201,"00057"
0.352620133429844,0.308191681898183,0.339188184671973,486,"00058"
0.412656071244091,0.192850062386158,0.394493866369751,375,"00059"
0.122948900089782,0.467450058228275,0.409601041681943,215,"00060"
0.408048423540279,0.360443312738745,0.231508263720976,405,"00061"
0.0612627810597783,0.552725957203228,0.386011261736993,70,"00062"
0.440487000412553,0.167683306360906,0.391829693226541,247,"00063"
0.515574223307095,0.19110486452686,0.293320912166045,63,"00064"
0.486798762526198,0.35917150445789,0.154029733015911,326,"00065"
0.222878614527612,0.366137357994594,0.410984027477795,331,"00066"
0.34255383638192,0.341205270190821,0.316240893427259,498,"00067"
0.166829903710274,0.489250549024123,0.343919547265603,235,"00068"
0.418039419844822,0.465296553217094,0.116664026938085,266,"00069"
0.456292584334607,0.270521250575858,0.273186165089535,68,"00070"
0.935390246231667,0.0339991916449791,0.030610562123354,120,"00071"
0.0145565068031726,0.534141553534986,0.451301939661842,416,"00072"
0.0376158931140094,0.430290420447782,0.532093686438209,332,"00073"
0.422278390701435,0.22751231025119,0.350209299047375,406,"00074"
0.658920514406135,0.0181941811000558,0.322885304493809,240,"00075"
0.227262203931416,0.642584919762757,0.130152876305827,152,"00076"
0.470930961687894,0.465503813184917,0.0635652251271898,278,"00077"
0.300726984543519,0.271884654255453,0.427388361201028,436,"00078"
0.2910638217742,0.413409322713564,0.295526855512236,164,"00079"
0.0650428011046335,0.788329786316615,0.146627412578752,250,"00080"
0.438122078295925,0.362926584294128,0.198951337409947,134,"00081"
0.192248329317352,0.037010748272835,0.770740922409813,96,"00082"
0.382039603667623,0.135998017759849,0.481962378572528,237,"00083"
0.378440232816323,0.207040527444653,0.414519239739024,208,"00084"
0.564245385277022,0.259208405002377,0.176546209720601,142,"00085"
0.331068968075441,0.214625353754159,0.4543056781704,309,"00086"
0.349907271005122,0.397144301453011,0.252948427541867,317,"00087"
0.391980349522894,0.317649521976927,0.290370128500179,62,"00088"
0.535065676583884,0.00925080969182042,0.455683513724296,415,"00089"
0.334215993511682,0.469989854716413,0.195794151771905,86,"00090"
0.325281457719428,0.441212880602004,0.233505661678568,335,"00091"
0.454468748775741,0.412059515366127,0.133471735858132,489,"00092"
0.791792763895956,0.0993917471937878,0.108815488910256,433,"00093"
0.0489678960839364,0.445773896042348,0.505258207873715,397,"00094"
0.402651780417893,0.290609926756816,0.306738292825291,177,"00095"
0.381001228989494,0.35492629542155,0.264072475588956,396,"00096"
0.00767551612151346,0.442112370507598,0.550212113370889,284,"00097"
0.319420737570074,0.400620094354643,0.279959168075283,107,"00098"
0.379778457976958,0.295835226298112,0.32438631572493,479,"00099"
0.310043822616388,0.309341182781725,0.380614994601888,355,"00100"
0.36768614093948,0.361003430922123,0.271310428138397,200,"00001"
0.315400584205547,0.518388689130095,0.166210726664358,245,"00002"
0.338374992509535,0.591124480102081,0.0705005273883847,282,"00003"
0.160550250303315,0.349963514305646,0.489486235391038,352,"00004"
0.161024183282518,0.672040764924859,0.166935051792623,263,"00005"
0.440399451307598,0.246855895785965,0.312744652906437,109,"00006"
0.129929003714538,0.360181617691781,0.509889378593681,350,"00007"
0.436270682137497,0.310437920002505,0.253291397859998,459,"00008"
0.41048283189562,0.475317541312678,0.114199626791701,264,"00009"
0.167639733364933,0.365890416303983,0.466469850331085,248,"00010"
0.295872876393373,0.65021405146165,0.0539130721449767,73,"00011"
0.697499425132519,0.212298293674137,0.0902022811933447,71,"00012"
0.519134425202976,0.166858132030674,0.314007442766349,466,"00013"
0.384331914220513,0.468606462998769,0.147061622780718,425,"00014"
0.357978268840632,0.511402255984626,0.130619475174741,150,"00015"
0.198848551046822,0.44888017313838,0.352271275814799,400,"00016"
0.476560941645414,0.351154681775774,0.172284376578812,95,"00017"
0.423261405253026,0.154467541593634,0.422271053153339,116,"00018"
0.132868313377251,0.514924761343192,0.352206925279557,439,"00019"
0.692010688164981,0.171208387894211,0.136780923940808,349,"00020"
0.39399855416594,0.167214278887217,0.438787166946843,180,"00021"
0.131054243627907,0.454782156078025,0.414163600294068,346,"00022"
0.633432291456361,0.358824080631237,0.00774362791240182,410,"00023"
0.113275769245062,0.486335935159248,0.40038829559569,163,"00024"
0.387039398846025,0.0746034948603429,0.538357106293632,492,"00025"
0.010695283195758,0.53775181904189,0.451552897762352,199,"00026"
0.261042142855471,0.184890771071172,0.554067086073357,81,"00027"
0.072402168206006,0.0368814476597995,0.890716384134195,389,"00028"
0.332942927900779,0.0813083133797075,0.585748758719513,104,"00029"
0.293871661089169,0.210499779809778,0.495628559101053,346,"00030"
0.429813992175533,0.553620926303845,0.0165650815206221,321,"00031"
0.514391866180702,0.0735576570924161,0.412050476726881,499,"00032"
0.480218203517147,0.265700791265458,0.254081005217395,356,"00033"
0.477719854015873,0.419141510644517,0.10313863533961,321,"00034"
0.411700442252753,0.202697142108227,0.38560241563902,251,"00035"
0.448474881540043,0.0239354829685162,0.527589635491441,315,"00036"
0.506035822991768,0.165665144370582,0.32829903263765,290,"00037"
0.12223872468108,0.307354152238913,0.570407123080007,58,"00038"
0.271389511057978,0.167340335516554,0.561270153425468,128,"00039"
0.32025087547612,0.337811594888746,0.341937529635133,260,"00040"
0.397937751419088,0.523568061679149,0.078494186901763,433,"00041"
0.0644397018000613,0.621659389857093,0.313900908342845,469,"00042"
0.433657489285155,0.300802322491983,0.265540188222862,240,"00043"
0.486994483565525,0.228796188261413,0.284209328173062,462,"00044"
0.308159626122219,0.387296789685494,0.304543584192288,370,"00045"
0.0587490905967731,0.570061188876367,0.37118972052686,396,"00046"
0.391347627345163,0.126931955670586,0.481720416984251,154,"00047"
0.174211317602557,0.509922869381131,0.315865813016312,151,"00048"
0.307078849057336,0.332374950981045,0.360546199961619,377,"00049"
0.347086636450663,0.30400125658848,0.348912106960857,60,"00050"
0.248822154539047,0.0941607983225071,0.657017047138446,91,"00051"
0.343883230249257,0.335088568160261,0.321028201590483,232,"00052"
0.49102233533953,0.347842194454898,0.161135470205572,340,"00053"
0.255479611550212,0.523729851833125,0.220790536616663,138,"00054"
0.034437838131234,0.801114978860029,0.164447183008737,322,"00055"
0.239909405695869,0.0380139360818703,0.722076658222261,212,"00056"
0.466787869071968,0.260588904798376,0.272623226129656,116,"00057"
0.48473239560968,0.470598530951791,0.0446690734385283,427,"00058"
0.390145988426913,0.274894143010207,0.33495986856288,85,"00059"
0.0401397802055874,0.595789247681653,0.36407097211276,366,"00060"
0.229674184132963,0.591963392101078,0.178362423765959,418,"00061"
0.187573958451821,0.651194700988579,0.1612313405596,490,"00062"
0.335088014478584,0.399718991307643,0.265192994213773,179,"00063"
0.424418964292996,0.46061171741347,0.114969318293534,308,"00064"
0.336742838463614,0.432437472311951,0.230819689224435,472,"00065"
0.572581375501516,0.0689715388982489,0.358447085600235,54,"00066"
0.178591788657117,0.420222914252955,0.401185297089928,266,"00067"
0.472297540443893,0.0167644381768102,0.510938021379297,151,"00068"
0.659600307690563,0.27526386239127,0.0651358299181668,397,"00069"
0.144307279383586,0.355730077863967,0.499962642752448,84,"00070"
0.227826289718971,0.40375287488214,0.36842083539889,350,"00071"
0.727475421247601,0.21659399485335,0.0559305838990492,200,"00072"
0.409466967839581,0.386601217370572,0.203931814789847,470,"00073"
0.341082466689951,0.641618664292487,0.0172988690175627,253,"00074"
0.533604576116976,0.150060989803826,0.316334434079198,226,"00075"
0.353419351641184,0.618679337910673,0.0279013104481423,371,"00076"
0.0877696602040724,0.555610281572415,0.356620058223513,71,"00077"
0.013481053849746,0.429629895490991,0.556889050659263,95,"00078"
0.809184293976012,0.0725920725376833,0.118223633486305,379,"00079"
0.516824266715804,0.471486452439324,0.0116892808448722,327,"00080"
0.500108578474111,0.352782673620773,0.147108747905116,151,"00081"
0.414786939716127,0.466355378449055,0.118857681834818,91,"00082"
0.387009151531567,0.333303344803182,0.27968750366525,106,"00083"
0.507316728566854,0.0749397960637824,0.417743475369364,409,"00084"
0.295433427951662,0.295523559115756,0.409043012932581,343,"00085"
0.679755151729615,0.00604300047062187,0.314201847799763,473,"00086"
0.30676825542787,0.0190262759373236,0.674205468634806,391,"00087"
0.352097002266269,0.174403439440788,0.473499558292943,372,"00088"
0.543396801093334,0.319058104692425,0.137545094214242,309,"00089"
0.200348384582001,0.368022822290584,0.431628793127415,234,"00090"
0.540328215578005,0.1426356301433,0.317036154278695,59,"00091"
0.16623923050745,0.664719427815942,0.169041341676608,141,"00092"
0.673977331284423,0.117630629715429,0.208392039000148,238,"00093"
0.0279383891439509,0.727038630716578,0.245022980139471,211,"00094"
0.450826511588453,0.367618457234368,0.181555031177179,68,"00095"
0.331557873601308,0.35934272362416,0.309099402774532,305,"00096"
0.349455125108529,0.471494937613085,0.179049937278387,71,"00097"
0.214163022723387,0.412038355714017,0.373798621562597,468,"00098"
0.155550260215173,0.540869870888388,0.303579868896439,243,"00099"
0.361496712730693,0.380592612310067,0.25791067495924,345,"00100"
0.626308478253704,0.184289340899487,0.189402180846809,128,"00001"
0.526852904204726,0.0393769034643091,0.433770192330965,281,"00002"
0.373119232013481,0.00389826572310084,0.622982502263418,499,"00003"
0.0593572863557596,0.0131711267878696,0.927471586856371,343,"00004"
0.30283149980179,0.261795823748926,0.435372676449285,433,"00005"
0.120022254828246,0.629754528074967,0.250223217096787,89,"00006"
0.0856635372981844,0.418745805482341,0.495590657219475,226,"00007"
0.0923316591422539,0.361613609994328,0.546054730863419,143,"00008"
0.167527943238797,0.280088096788715,0.552383959972488,197,"00009"
0.201648630451985,0.610659355366269,0.187692014181746,317,"00010"
0.491556843217137,0.1931248924999,0.315318264282963,243,"00011"
0.280395544670055,0.33912964952551,0.380474805804434,203,"00012"
0.2278594589896,0.399933935966521,0.372206605043879,201,"00013"
0.253371757647226,0.376241027313789,0.370387215038985,310,"00014"
0.401101303858056,0.0386493583707634,0.560249337771181,156,"00015"
0.595076297173784,0.261382854204861,0.143540848621356,72,"00016"
0.120668542917463,0.399880770814759,0.479450686267777,151,"00017"
0.466148517146314,0.201019057586379,0.332832425267307,229,"00018"
0.232655081215711,0.570373337186595,0.196971581597694,407,"00019"
0.272968055023418,0.412509802399187,0.314522142577395,266,"00020"
0.107056396701498,0.329078709444259,0.563864893854243,483,"00021"
0.336262858113723,0.419743368728108,0.24399377315817,278,"00022"
0.265788190943641,0.537381711614065,0.196830097442294,346,"00023"
0.394172091031895,0.124295712713516,0.481532196254589,305,"00024"
0.653928975323995,0.214218490411382,0.131852534264623,120,"00025"
0.233081740945705,0.664104442171267,0.102813816883027,246,"00026"
0.322684810741911,0.444104365164246,0.233210824093843,356,"00027"
0.651685355795439,0.122736239145385,0.225578405059176,498,"00028"
0.122071244077504,0.486342238994756,0.39158651692774,235,"00029"
0.0619930777794242,0.54926341779671,0.388743504423866,300,"00030"
0.446830338649739,0.458379424028371,0.0947902373218895,460,"00031"
0.52698664746413,0.465557543324502,0.00745580921136822,139,"00032"
0.316424018853679,0.210469323128304,0.473106658018017,490,"00033"
0.259229028842149,0.396425495339672,0.344345475818179,172,"00034"
0.0904759537414998,0.395781247878196,0.513742798380304,391,"00035"
0.459307799775513,0.143108855778239,0.397583344446248,209,"00036"
0.0835960585993143,0.317513823116854,0.598890118283832,328,"00037"
0.541530824476495,0.40190994939745,0.0565592261260557,303,"00038"
0.473981809149486,0.0199151318890428,0.506103058961471,464,"00039"
0.598611742891804,0.135887979859125,0.265500277249071,476,"00040"
0.561915223259388,0.0280087169010603,0.410076059839552,457,"00041"
0.162880835311155,0.552291774869881,0.284827389818964,465,"00042"
0.323372697242991,0.20932750628035,0.467299796476659,166,"00043"
0.295245273051487,0.143868766184044,0.560885960764469,135,"00044"
0.274599397353003,0.455492423546921,0.269908179100076,155,"00045"
0.329921029150057,0.515503110815839,0.154575860034104,175,"00046"
0.262557039573254,0.378631237421854,0.358811723004891,434,"00047"
0.112377684577195,0.662875166717871,0.224747148704934,497,"00048"
0.521925176066465,0.0975576014262429,0.380517222507292,413,"00049"
0.307787802845615,0.524534902615606,0.167677294538779,141,"00050"
0.30473242597812,0.592207478502312,0.103060095519568,367,"00051"
0.433441117362258,0.404453775160035,0.162105107477707,373,"00052"
0.384827177486453,0.247585570123027,0.36758725239052,60,"00053"
0.181047995639058,0.246607711458091,0.572344292902851,459,"00054"
0.373750993755651,0.279317304495174,0.346931701749175,484,"00055"
0.215500502855501,0.515683591141504,0.268815906002995,310,"00056"
0.41410760493523,0.433366289517937,0.152526105546834,461,"00057"
0.357613137110925,0.15337075948302,0.489016103406056,451,"00058"
0.383968740103702,0.194078160245334,0.421953099650964,182,"00059"
0.291531787525231,0.270421455305842,0.438046757168926,392,"00060"
0.190320044227057,0.0412419451030586,0.768438010669885,339,"00061"
0.101175291107788,0.121045194228772,0.77777951466344,161,"00062"
0.644486816416487,0.0952609996058107,0.260252183977702,422,"00063"
0.429420410882616,0.171004501015053,0.399575088102331,364,"00064"
0.331648798917504,0.242040583810486,0.426310617272011,198,"00065"
0.323782655750476,0.301239288720473,0.374978055529051,399,"00066"
0.0763804235641342,0.606265456948437,0.317354119487429,71,"00067"
0.0454841777181969,0.536452805831546,0.418063016450257,348,"00068"
0.403429973432056,0.456773596884476,0.139796429683468,184,"00069"
0.334233403409367,0.326917080014301,0.338849516576332,80,"00070"
0.636174460269284,0.36124634235038,0.00257919738033608,464,"00071"
0.126016348507281,0.340937807724093,0.533045843768626,409,"00072"
0.663248165976067,0.0272952514741936,0.309456582549739,480,"00073"
0.302829995528716,0.30171704275697,0.395452961714314,261,"00074"
0.70023445025036,0.132678168554397,0.167087381195242,74,"00075"
0.347103625160014,0.497548255089342,0.155348119750644,170,"00076"
0.471456683231417,0.226488793061212,0.302054523707371,180,"00077"
0.0315609238955101,0.921515634184676,0.0469234419198144,77,"00078"
0.521359504546204,0.162601012901506,0.31603948255229,417,"00079"
0.3202057150724,0.549888666786595,0.129905618141005,269,"00080"
0.394186176088608,0.138296902124619,0.467516921786773,444,"00081"
0.204534416918403,0.299809393307084,0.495656189774513,332,"00082"
0.388529137914156,0.303775485031456,0.307695377054388,216,"00083"
0.236065536537003,0.462303685220441,0.301630778242555,109,"00084"
0.588427037358022,0.132304515522319,0.279268447119658,130,"00085"
0.340689204008612,0.194772340920653,0.464538455070735,355,"00086"
0.564346984633964,0.0347514412306988,0.400901574135337,168,"00087"
0.227201765292028,0.198632962658873,0.574165272049099,461,"00088"
0.638260507026276,0.118132273463439,0.243607219510284,487,"00089"
0.0138509010065857,0.516627769406848,0.469521329586566,496,"00090"
0.508219539729504,0.18038331341893,0.311397146851567,222,"00091"
0.0913139564729097,0.49372229824009,0.414963745287,316,"00092"
0.13036524167122,0.472692894132893,0.396941864195887,67,"00093"
0.083718889513936,0.360948806524934,0.55533230396113,257,"00094"
0.0188810778988774,0.176715672469734,0.804403249631389,365,"00095"
0.114964467949041,0.49443123914645,0.390604292904509,460,"00096"
0.41009195923375,0.0361601524694774,0.553747888296773,332,"00097"
0.217679631634284,0.376541600567203,0.405778767798513,377,"00098"
0.165218426387354,0.645832433737694,0.188949139874952,380,"00099"
0.343569356833374,0.60907779979749,0.0473528433691361,327,"00100"
0.449586779663794,0.0139467073560288,0.536466512980177,275,"00001"
0.120378936520352,0.695767587151155,0.183853476328493,212,"00002"
0.319927632633251,0.315356550940276,0.364715816426473,176,"00003"
0.349442740711615,0.467787312671207,0.182769946617178,407,"00004"
0.316716573927436,0.41493152768567,0.268351898386894,195,"00005"
0.0357911937140835,0.47522980411868,0.488979002167237,422,"00006"
0.314945485120936,0.389043244962026,0.296011269917039,432,"00007"
0.308268779740335,0.211608716366734,0.480122503892931,102,"00008"
0.495513728776161,0.390239697315709,0.11424657390813,69,"00009"
0.309538606978707,0.432466638665551,0.257994754355743,320,"00010"
0.429871916401249,0.205453896083368,0.364674187515383,483,"00011"
0.117153388513295,0.37036949045672,0.512477121029985,293,"00012"
0.660816315374089,0.278574639521997,0.0606090451039142,213,"00013"
0.687092587746958,0.0985111105264458,0.214396301726596,234,"00014"
0.257614746717034,0.232750266737853,0.509634986545113,150,"00015"
0.326653381583325,0.404865636705501,0.268480981711174,295,"00016"
0.252808892669533,0.419829393272973,0.327361714057494,360,"00017"
0.343810535549427,0.473887191003585,0.182302273446988,306,"00018"
0.548111144386354,0.28460056842774,0.167288287185906,181,"00019"
0.247765325536491,0.214745980088756,0.537488694374753,383,"00020"
0.0690982222014926,0.437098000885717,0.49380377691279,102,"00021"
0.435520039427384,0.158642730446075,0.405837230126541,220,"00022"
0.427154479238004,0.236163461646026,0.33668205911597,402,"00023"
0.345470715439715,0.519891484544471,0.134637800015815,418,"00024"
0.29981875964995,0.372586283128999,0.327594957221052,167,"00025"
0.337889211603689,0.481258579913828,0.180852208482483,172,"00026"
0.0891760738210196,0.458049327731045,0.452774598447935,172,"00027"
0.0584463911545137,0.461413581462214,0.480140027383272,231,"00028"
0.230032070349657,0.480611895171013,0.28935603447933,304,"00029"
0.438151150291469,0.446101520563316,0.115747329145215,367,"00030"
0.122941385910446,0.280438089180837,0.596620524908717,199,"00031"
0.320599617011238,0.419618899762071,0.259781483226691,387,"00032"
0.190632734856671,0.0694225765928422,0.739944688550487,130,"00033"
0.530022169080382,0.101811387445552,0.368166443474066,309,"00034"
0.137712085818804,0.168525808832695,0.693762105348501,138,"00035"
0.46117855374479,0.0429838900959023,0.495837556159308,391,"00036"
0.0198908474403682,0.145677988974152,0.83443116358548,381,"00037"
0.345265377590352,0.52821909833277,0.126515524076878,374,"00038"
0.334432068925572,0.173514042177439,0.492053888896989,215,"00039"
0.341992521887874,0.236439832291675,0.421567645820451,285,"00040"
0.492065701107574,0.444868488358003,0.063065810534423,477,"00041"
0.472800122814082,0.490681069374301,0.0365188078116174,426,"00042"
0.486655908824524,0.362179302611242,0.151164788564234,268,"00043"
0.405289520529523,0.46583702635128,0.128873453119197,407,"00044"
0.0171827393587783,0.980795470095655,0.00202179054556648,158,"00045"
0.415044001165228,0.266696546413764,0.318259452421008,364,"00046"
0.415092522492188,0.256700550154664,0.328206927353148,95,"00047"
0.494842749628885,0.26990664829321,0.235250602077905,75,"00048"
0.404402854816956,0.399612512014484,0.19598463316856,353,"00049"
0.227861890370329,0.372397276682161,0.39974083294751,274,"00050"
0.168824859061601,0.470031321001634,0.361143819936765,213,"00051"
0.213107997660763,0.35027014345435,0.436621858884887,198,"00052"
0.177751851274388,0.517938235904045,0.304309912821567,239,"00053"
0.252767370009776,0.5582149477495,0.189017682240724,453,"00054"
0.211396036798292,0.26630458411372,0.522299379087987,434,"00055"
0.415583768694933,0.435625673267288,0.148790558037779,143,"00056"
0.245797192571273,0.477818502045223,0.276384305383504,210,"00057"
0.100014444848301,0.488074919612181,0.411910635539518,92,"00058"
0.294726754281865,0.576870058712896,0.128403187005239,465,"00059"
0.170350558580286,0.385006094523317,0.444643346896397,373,"00060"
0.279717223163781,0.16896780689985,0.551314969936369,381,"00061"
0.362700193892171,0.123090238469773,0.514209567638056,91,"00062"
0.598483083114112,0.25075829768831,0.150758619197578,446,"00063"
0.51766028528248,0.0682923566422362,0.414047358075284,436,"00064"
0.216911031798245,0.469472707681731,0.313616260520024,281,"00065"
0.300781331126591,0.258075807611949,0.44114286126146,236,"00066"
0.558503796645944,0.325468352771529,0.116027850582526,74,"00067"
0.54510489645939,0.037466687883812,0.417428415656799,278,"00068"
0.0611111850300498,0.552015713961465,0.386873101008485,333,"00069"
0.364238400817812,0.467463278920986,0.168298320261203,391,"00070"
0.4396910255001,0.212450289726002,0.347858684773899,86,"00071"
0.552211187837451,0.0666763632183876,0.381112448944161,102,"00072"
0.53111771760624,0.257201665940931,0.211680616452829,326,"00073"
0.477634565692447,0.453750883493787,0.0686145508137663,143,"00074"
0.308273735905605,0.209254413468217,0.482471850626178,277,"00075"
0.274657440794252,0.387807039705567,0.337535519500181,299,"00076"
0.535018504185292,0.241987190868636,0.222994304946072,281,"00077"
0.625809616791802,0.0502125390785447,0.323977844129654,257,"00078"
0.489992384081657,0.0918277394358537,0.41817987648249,143,"00079"
0.842048080776798,0.0845354123405169,0.0734165068826854,132,"00080"
0.131570173505214,0.583917328857625,0.28451249763716,108,"00081"
0.483443861357284,0.374460356604861,0.142095782037855,74,"00082"
0.529421679758721,0.268346959651473,0.202231360589806,133,"00083"
0.479600714667617,0.483080959760093,0.0373183255722901,470,"00084"
0.281892956903049,0.39341700184954,0.324690041247411,129,"00085"
0.333591129451641,0.637382645659884,0.0290262248884751,318,"00086"
0.0343596568178046,0.30754785856139,0.658092484620805,121,"00087"
0.288297696206487,0.370840508844121,0.340861794949392,471,"00088"
0.269478650595601,0.073918595171992,0.656602754232407,215,"00089"
0.0174326090572124,0.515405741436524,0.467161649506263,353,"00090"
0.481104085892064,0.386561682902976,0.132334231204959,164,"00091"
0.166408244964125,0.538102579339168,0.295489175696708,154,"00092"
0.113176588671954,0.455116375005429,0.431707036322617,72,"00093"
0.307807410635769,0.348070316285274,0.344122273078957,165,"00094"
0.221053916085359,0.0829531230687086,0.695992960845932,415,"00095"
0.354391426934837,0.235211272724468,0.410397300340695,228,"00096"
0.43034411837938,0.287263749418704,0.282392132201916,349,"00097"
0.136240108382334,0.298138909995364,0.565620981622302,218,"00098"
0.23815964977127,0.376076028316187,0.385764321912544,118,"00099"
0.259704313782738,0.539897271248508,0.200398414968754,241,"00100"
